"Short Url";"Long Url";"Total Clicks";"Unique Visits"
http://tiny.cc/vim-shell;http://yyq123.blogspot.com/2016/10/vim-shell.html;0;
http://tiny.cc/vim-fold;http://yyq123.blogspot.com/2011/09/vim-fold.html;1;1
http://tiny.cc/vim-macro;http://yyq123.blogspot.com/2011/03/vim-macro.html;90;90
http://tiny.cc/vim-template;http://yyq123.blogspot.com/2010/08/vim-template.html;160;160
http://tiny.cc/vim-registers;http://yyq123.blogspot.com/2010/10/vim-registers.html;122;121
http://tiny.cc/vim-abbr;http://yyq123.blogspot.com/2010/12/vim-abbreviation.html;142;142
http://tiny.cc/vim-encrypt;http://yyq123.blogspot.com/2011/01/vim-encyption.html;75;74
http://tiny.cc/vim-color;http://yyq123.blogspot.com/2011/02/vim-color-scheme.html;130;130
http://tiny.cc/vim-syntax;http://yyq123.blogspot.com/2011/02/vim-syntax.html;117;116
http://tiny.cc/vim-indent;http://yyq123.blogspot.com/2010/10/vim-indent.html;132;132
http://tiny.cc/vim-LF;http://yyq123.blogspot.com/2010/07/vim-line-feed.html;121;121
http://tiny.cc/learn-vim;http://yyq123.github.io/learn-vim/learn-vi-00-List.html;148;146
